name	pool	seq	length	%gc	tm (use 65)
MPXV_1_LEFT	MPXV_1	AGCAGTGTCCCCTACATGGATT	22	50	61.35
MPXV_1_RIGHT	MPXV_1	AGGAGCATCAGGGTGTAGAACA	22	50	61.01
MPXV_2_LEFT	MPXV_2	GTCGGTGTTTGGTCTTGCTTTG	22	50	60.97
MPXV_2_RIGHT	MPXV_2	TCTCCCTACGACGATCACTACG	22	54.55	60.98
MPXV_3_LEFT	MPXV_1	AATCTGGAAGCGTAAGTTCCCG	22	50	60.86
MPXV_3_RIGHT	MPXV_1	CGAGATTGTGCGCATCGTTAAC	22	50	61.01
MPXV_4_LEFT	MPXV_2	CGCGTAGATGAATCGCTTCTCA	22	50	61.03
MPXV_4_RIGHT	MPXV_2	GGGGATTCCTTGTAGATGAACCC	23	52.17	60.69
MPXV_5_LEFT	MPXV_1	ACCTGCTCGGTTACTTCTGTGT	22	50	61.79
MPXV_5_RIGHT	MPXV_1	TGAGAGCGAGAGTGACAGTGAT	22	50	61.06
MPXV_6_LEFT	MPXV_2	TCGTGAAACTGCTCATCGACAG	22	50	61.1
MPXV_6_RIGHT	MPXV_2	TGATACGGAACCACCCACTGTA	22	50	61.01
MPXV_7_LEFT	MPXV_1	CGACTCCCTTGTGTGTAACGTT	22	50	60.98
MPXV_7_RIGHT	MPXV_1	GGCAGAGACAATTACCGATCGG	22	54.55	61.3
MPXV_8_LEFT	MPXV_2	ACACGTACGCGCTTATTCATCA	22	45.45	60.91
MPXV_8_RIGHT	MPXV_2	GGGTGGTGGCATCAAAGAAGAT	22	50	61.07
MPXV_9_LEFT	MPXV_1	TTGGCTAATCGATTTCGGGCTT	22	45.45	60.86
MPXV_9_RIGHT	MPXV_1	TCTCGATGATGGAGAGATCCCG	22	54.55	61.06
MPXV_10_LEFT	MPXV_2	AGCTAAACCCAGGCATACGTTC	22	50	60.86
MPXV_10_RIGHT	MPXV_2	TGAGGAGGTGGTTCTCGATGAA	22	50	61.01
MPXV_11_LEFT	MPXV_1	TTAACAACTTCCGGACGCACAT	22	45.45	60.99
MPXV_11_RIGHT	MPXV_1	TATCGAGTCGCATAGTGTTGCC	22	50	60.72
MPXV_12_LEFT	MPXV_2	TACACCTCCGTTAACACCTCCA	22	50	60.94
MPXV_12_RIGHT	MPXV_2	TCATGCTTCCCAAACGTGCTAA	22	45.45	60.99
MPXV_13_LEFT	MPXV_1	CACATCTCGTTTTCGTGCGAAA	22	45.45	60.52
MPXV_13_RIGHT	MPXV_1	ATCAAGTTCGCTGCCGGAATAA	22	45.45	60.86
MPXV_14_LEFT	MPXV_2	TTGCGGACATGTTACACTCCTT	22	45.45	60.41
MPXV_14_RIGHT	MPXV_2	TCACTCTGTGCAACGATGATGG	22	50	61.11
MPXV_15_LEFT	MPXV_1	GCGTTGTCTGTATTCTGGAGCT	22	50	60.85
MPXV_15_RIGHT	MPXV_1	TGGGGAAATTATTACGGCGTCT	22	45.45	60.01
MPXV_16_LEFT	MPXV_2	TCAAGTGGTGGGGATCCATAGT	22	50	60.75
MPXV_16_RIGHT	MPXV_2	TATCCGACGGTCCATTGCTAGA	22	50	60.93
MPXV_17_LEFT	MPXV_1	ATGGCAAATCTAACTGCGGGTT	22	45.45	61.07
MPXV_17_RIGHT	MPXV_1	ATTGAGCCCAGCGCATCTTATT	22	45.45	60.93
MPXV_18_LEFT	MPXV_2	ATTGCAGAGGACGTCATGATCG	22	50	60.98
MPXV_18_RIGHT	MPXV_2	TCTGTTGTTTACCACTCAGCGG	22	50	60.99
MPXV_19_LEFT	MPXV_1	CAACAACGGACCACATCCTTCT	22	50	60.99
MPXV_19_RIGHT	MPXV_1	TTCCATTACATCAGGCAGCCAC	22	50	61.13
MPXV_20_LEFT	MPXV_2	AGTGAGTTCGGCGACAAAGTAC	22	50	61.04
MPXV_20_RIGHT	MPXV_2	AAACGGTTCCCATGATGAACGT	22	45.45	60.99
MPXV_21_LEFT	MPXV_1	CAATGCTCCAGCGTTCAACAAC	22	50	61.35
MPXV_21_RIGHT	MPXV_1	ATGCTGATCCTCCCATTCCGTA	22	50	61.21
MPXV_22_LEFT	MPXV_2	ACCTGATGCAGACAATAGCGAC	22	50	60.92
MPXV_22_RIGHT	MPXV_2	CAGACGCTGTTCCAAGACTGAA	22	50	60.98
MPXV_23_LEFT	MPXV_1	GTATCGTACTTCAACTCCGGCC	22	54.55	60.97
MPXV_23_RIGHT	MPXV_1	AGGGTTTGGGTGTAAGATTGGC	22	50	61.01
MPXV_24_LEFT	MPXV_2	CCAGAATGTTCACCAGCTCCAT	22	50	60.8
MPXV_24_RIGHT	MPXV_2	ATGATCAGTGGCAGTTTGGACC	22	50	61.06
MPXV_25_LEFT	MPXV_1	CACCGCCTCCTATATCAATGCC	22	54.55	61.12
MPXV_25_RIGHT	MPXV_1	CTTTCGCACACATTTACGCCAA	22	45.45	60.78
MPXV_26_LEFT	MPXV_2	GGATGCCACTGCTGGATTACAT	22	50	60.93
MPXV_26_RIGHT	MPXV_2	TGATAATGCATCTTCCGTGCCC	22	50	61.25
MPXV_27_LEFT	MPXV_1	ATAACCGGCGCTGTCATGTATC	22	50	61.05
MPXV_27_RIGHT	MPXV_1	GGATGAATCCGAAGCACGTGTA	22	50	60.92
MPXV_28_LEFT	MPXV_2	TCCTCTGTGGCTAGCGCTATAA	22	50	60.94
MPXV_28_RIGHT	MPXV_2	GACTTTTCCCAAGTGGCTGGAA	22	50	61.2
MPXV_29_LEFT	MPXV_1	CCACGGATCGTAATACGGCAAT	22	50	61.04
MPXV_29_RIGHT	MPXV_1	ACAGGCAACAATTGGAATTGGC	22	45.45	60.73
MPXV_30_LEFT	MPXV_2	GTAAACTCCGCCGTAGTTTCCA	22	50	60.79
MPXV_30_RIGHT	MPXV_2	TGACTTGAACGCAGTCACAACA	22	45.45	61.11
MPXV_31_LEFT	MPXV_1	GAGCAGCGATTTTGGCGTTATC	22	50	61.03
MPXV_31_RIGHT	MPXV_1	TGAATGGCTGTCGTCAAAAGGT	22	45.45	60.93
MPXV_32_LEFT	MPXV_2	ACGCTCCTGATTGTGTTTCGAA	22	45.45	60.99
MPXV_32_RIGHT	MPXV_2	GGTTGAATTTATGCTCTGCGGC	22	50	60.97
MPXV_33_LEFT	MPXV_1	ACCACGACCTTCTTCATTTCGT	22	45.45	60.41
MPXV_33_RIGHT	MPXV_1	TCGCCGTTTCATTTTCAACAGC	22	45.45	61.03
MPXV_34_LEFT	MPXV_2	AAGCGCTCCCCTAGTAGTACTC	22	54.55	60.93
MPXV_34_RIGHT	MPXV_2	CGAAGGTCTTCTCTCACACGTG	22	54.55	61.09
MPXV_35_LEFT	MPXV_1	CCCCGCAATACTCCTCATTACG	22	54.55	61.05
MPXV_35_RIGHT	MPXV_1	ACGTCGCTGTAATAGACAAGGC	22	50	60.91
MPXV_36_LEFT	MPXV_2	CGATGTGTCGGCGTTAAGATCT	22	50	60.97
MPXV_36_RIGHT	MPXV_2	CGCTGCGTTTAAAAGCCTCATT	22	45.45	60.85
MPXV_37_LEFT	MPXV_1	AACTACTGTCTCCAGAGCTCGC	22	54.55	61.96
MPXV_37_RIGHT	MPXV_1	TATCTGCACGAGGACAAGGCTA	22	50	61.13
MPXV_38_LEFT	MPXV_2	CCCTAGGACGAACTACTGCCAT	22	54.55	61.46
MPXV_38_RIGHT	MPXV_2	ATAAACCGTCCATTGCCACACA	22	45.45	61
MPXV_39_LEFT	MPXV_1	CTGTAGGCCGTGTATCAGCATC	22	54.55	61.04
MPXV_39_RIGHT	MPXV_1	GTCCATGTATTCGGCAACCTCT	22	50	60.6
MPXV_40_LEFT	MPXV_2	TCGCTGCTTTACATGTTTCCCA	22	45.45	60.99
MPXV_40_RIGHT	MPXV_2	AGTTCAGCCGTCTACTCTTGGA	22	50	61
MPXV_41_LEFT	MPXV_1	TCTGAGATAAAACAGGGACGCG	22	50	60.6
MPXV_41_RIGHT	MPXV_1	TCGTTTGTTGGAAGGGCAGAAA	22	45.45	61.13
MPXV_42_LEFT	MPXV_2	CGTTGCAACAATTCAGACTCCC	22	50	60.53
MPXV_42_RIGHT	MPXV_2	ACGGTATGTTACGGTTTGCCAA	22	45.45	60.99
MPXV_43_LEFT	MPXV_1	AAGAGCGACGTACAACTGTTGT	22	45.45	60.66
MPXV_43_RIGHT	MPXV_1	GCGTTCAGTTGCATGGGTAAAG	22	50	60.85
MPXV_44_LEFT	MPXV_2	ACGACACCGACTAATGTTTCCG	22	50	61.1
MPXV_44_RIGHT	MPXV_2	ATCCAGATGTCGAAATGGCGAG	22	50	60.98
MPXV_45_LEFT	MPXV_1	ACATCCTCTATCGACGGCTTCT	22	50	60.93
MPXV_45_RIGHT	MPXV_1	CGGACACTACATCGAGAAGACG	22	54.55	60.71
MPXV_46_LEFT	MPXV_2	CACGGCATGGTTTCTGTGACTA	22	50	61.05
MPXV_46_RIGHT	MPXV_2	CGGGACCAAATGTAGTCAAGCT	22	50	60.8
MPXV_47_LEFT	MPXV_1	CAGCATGGTACGTCTGACAACA	22	50	61.04
MPXV_47_RIGHT	MPXV_1	AAGGATCCTAGGATCGCTAGCA	22	50	60.41
MPXV_48_LEFT	MPXV_2	CCCAATGCGTCCATGTTGTCTA	22	50	61.12
MPXV_48_RIGHT	MPXV_2	TTTGCATAGTCTTTCGGCGGAA	22	45.45	61.05
MPXV_49_LEFT	MPXV_1	CCAATACCAACCCCAACAACCT	22	50	60.94
MPXV_49_RIGHT	MPXV_1	ACCGTCGGATCTTTGGAATTGG	22	50	61.12
MPXV_50_LEFT	MPXV_2	ATAGGACTAGCCGCGGTAACTT	22	50	61.2
MPXV_50_RIGHT	MPXV_2	TGGCAGGGGGAATAGGTCTATC	22	54.55	60.95
MPXV_51_LEFT	MPXV_1	CACGGCTACCTCATTAGCATCC	22	54.55	61.05
MPXV_51_RIGHT	MPXV_1	GCGATATCTAGAAGCGGTGTGG	22	54.55	61.1
MPXV_52_LEFT	MPXV_2	TATGGCTATTCTGGCGGCTAGA	22	50	61.01
MPXV_52_RIGHT	MPXV_2	CCGGAGGCAATATTCCAACTGA	22	50	60.6
MPXV_53_LEFT	MPXV_1	TCACCACGTGTGTTTCAGGATC	22	50	60.99
MPXV_53_RIGHT	MPXV_1	TGTGCGGGTTTTCCTAGTGATG	22	50	61.05
MPXV_54_LEFT	MPXV_2	GGCTCCTCTCTCAGGCTCTATT	22	54.55	60.94
MPXV_54_RIGHT	MPXV_2	CAAAAGGAGCGGGGACAAAAAC	22	50	60.98
MPXV_55_LEFT	MPXV_1	AGTGGGTAAGACGTCACAGGTA	22	50	60.67
MPXV_55_RIGHT	MPXV_1	CGCGTCTCTCATGGACATGATA	22	50	60.21
MPXV_56_LEFT	MPXV_2	AGTCCTATTCTCGCTGAGGAGT	22	50	60.28
MPXV_56_RIGHT	MPXV_2	TGGGAATTGCTCACTTGTTGGA	22	45.45	60.61
MPXV_57_LEFT	MPXV_1	AGTCCATCATTGGTTGCGTCAA	22	45.45	61
MPXV_57_RIGHT	MPXV_1	ATGGAGTTTGGCCACCTGTTAC	22	50	61
MPXV_58_LEFT	MPXV_2	GCACTAGAAACGGTCGATGCAT	22	50	61.49
MPXV_58_RIGHT	MPXV_2	CAGCAGACGCGAATAGCATAGT	22	50	61.04
MPXV_59_LEFT	MPXV_1	GCTTCACGTCACCCAACATACT	22	50	61.05
MPXV_59_RIGHT	MPXV_1	TGAGAGTGATGGCAAACAACGT	22	45.45	60.93
MPXV_60_LEFT	MPXV_2	TGTGTTCTACATGCGGCAAAGA	22	45.45	60.99
MPXV_60_RIGHT	MPXV_2	GCCCAAGGCGGCAAAAATATAC	22	50	60.98
MPXV_61_LEFT	MPXV_1	AGCCTTTCCACTTCTGCAGAAT	22	45.45	60.41
MPXV_61_RIGHT	MPXV_1	ACGATTGTCGACCCTCTACAGT	22	50	61.06
MPXV_62_LEFT	MPXV_2	ACTGATGCGTTTTCCAGGGAAT	22	45.45	60.74
MPXV_62_RIGHT	MPXV_2	TGGTGGATGTGAACAGCATACG	22	50	61.11
MPXV_63_LEFT	MPXV_1	GATCCAGAGTGTTCGAATGCCA	22	50	60.86
MPXV_63_RIGHT	MPXV_1	AGAAAGGCGGTTGGATTTCCTC	22	50	61.06
MPXV_64_LEFT	MPXV_2	GGTGGCGCTAGTCATCACATTA	22	50	60.66
MPXV_64_RIGHT	MPXV_2	TGGGTTCTTGAAGAGGGCTAGA	22	50	60.68
MPXV_65_LEFT	MPXV_1	TGGCTGATTAGGCTGTGGTCTA	22	50	61.08
MPXV_65_RIGHT	MPXV_1	TCGAGCGCGGCTACTATAACTA	22	50	61.05
MPXV_66_LEFT	MPXV_2	GCTAATCTAGCGTGTGAAGACGA	23	47.83	60.73
MPXV_66_RIGHT	MPXV_2	CGCGTACGGATCTCTTGCTATT	22	50	60.78
MPXV_67_LEFT	MPXV_1	CAGAAAGTGCAAATGAGGTCGC	22	50	60.84
MPXV_67_RIGHT	MPXV_1	CCCCATCCATAGCACCTAGTCT	22	54.55	60.95
MPXV_68_LEFT	MPXV_2	ACGCTAGTAATCCAATCGGAAGC	23	47.83	61.05
MPXV_68_RIGHT	MPXV_2	CATAAACGGGGGCTCCATGAAT	22	50	60.94
MPXV_69_LEFT	MPXV_1	TACTTTCCCATCCCTCCGTTGA	22	50	61.01
MPXV_69_RIGHT	MPXV_1	CTCAGTGGTGGGTTTGACGAAT	22	50	60.99
MPXV_70_LEFT	MPXV_2	GCTTTAGAGGCGGACTACTTGG	22	54.55	60.92
MPXV_70_RIGHT	MPXV_2	AGAGTACTAGCTGCACCGAACT	22	50	61.06
MPXV_71_LEFT	MPXV_1	TTACACAACAAGCCCTGTCCAG	22	50	60.93
MPXV_71_RIGHT	MPXV_1	ATCATCCTTACCAGCGGCTAGA	22	50	60.94
MPXV_72_LEFT	MPXV_2	CCCCGCTTCTATTTACTCCTGC	22	54.55	60.99
MPXV_72_RIGHT	MPXV_2	TAACTAAATGGCGGCGGTGAAA	22	45.45	61.06
MPXV_73_LEFT	MPXV_1	ATGTTCAGCGCCGTAGTAACTC	22	50	60.91
MPXV_73_RIGHT	MPXV_1	AGATGCCGCTGACGTGATTAAA	22	45.45	60.86
MPXV_74_LEFT	MPXV_2	GCATGCATGTATTGGAGCCATT	22	45.45	60.14
MPXV_74_RIGHT	MPXV_2	CGTAATTGACCACGCCATTACG	22	50	60.46
MPXV_75_LEFT	MPXV_1	AGACTGTTGTTATGGTCTTCGGAA	24	41.67	60.28
MPXV_75_RIGHT	MPXV_1	ACCTACCACTTCAGCAGTTTGT	22	45.45	60.01
MPXV_76_LEFT	MPXV_2	TCCAGCGTATGAGGTTTTGCAA	22	45.45	60.99
MPXV_76_RIGHT	MPXV_2	AGATTGAGCGCCAGATCCTAGA	22	50	60.94
MPXV_77_LEFT	MPXV_1	TGACCCTCACTCCGATATCTGG	22	54.55	60.94
MPXV_77_RIGHT	MPXV_1	TTGGCAGCGTATTGATGTCCAA	22	45.45	61.06
MPXV_78_LEFT	MPXV_2	AGCCCGTAAATGCAATCAGTGA	22	45.45	60.8
MPXV_78_RIGHT	MPXV_2	TGGTACACCTACAGTAGCTCACA	23	47.83	60.76
MPXV_79_LEFT	MPXV_1	CTAACTGCTTCTGGAGGCAAGG	22	54.55	61.12
MPXV_79_RIGHT	MPXV_1	TTGGTGATTCGAACGGTACACC	22	50	61.05
MPXV_80_LEFT	MPXV_2	GTCTAGTTTTCAGCACGGTGGT	22	50	60.99
MPXV_80_RIGHT	MPXV_2	ATCGTGAGGTGGTTGCATTACA	22	45.45	60.47
MPXV_81_LEFT	MPXV_1	CCCGGTAACTACCATAGTGGGA	22	54.55	60.88
MPXV_81_RIGHT	MPXV_1	CGGTCTTCCAATGACACAAGGT	22	50	60.99
MPXV_82_LEFT	MPXV_2	AGCGAATTACTCTGTCCGAGGA	22	50	61.13
MPXV_82_RIGHT	MPXV_2	ACATTCACTCCGCGTTCGTTAA	22	45.45	61.04
MPXV_83_LEFT	MPXV_1	GGAAGAGATTCCGGACTTTGCA	22	50	60.8
MPXV_83_RIGHT	MPXV_1	AACGTCAACTCATGTGGTTCCA	22	45.45	60.6
MPXV_84_LEFT	MPXV_2	TCGGATACAGACACTCAAGGGA	22	50	60.48
MPXV_84_RIGHT	MPXV_2	CAATTTCTGACGCGCGATTGAA	22	45.45	60.9
MPXV_85_LEFT	MPXV_1	TACTTGCGTGTCGTCGTTCAAT	22	45.45	61.04
MPXV_85_RIGHT	MPXV_1	CTGGAACGTTCTCACCCCTTTT	22	50	60.93
MPXV_86_LEFT	MPXV_2	GCTGCGTGTATAACAAGTGACG	22	50	60.4
MPXV_86_RIGHT	MPXV_2	CGGTGGCTGAGTTTAACCAAGA	22	50	60.99
MPXV_87_LEFT	MPXV_1	AACGGGATTGTCTGGCATATCA	22	45.45	60.01
MPXV_87_RIGHT	MPXV_1	GAGTAAATCACACGCGGCCTAT	22	50	60.98
MPXV_88_LEFT	MPXV_2	CCCCTCCCAATAGTTCTCCCTT	22	54.55	61.09
MPXV_88_RIGHT	MPXV_2	TATTCAGAGAACGGGCCCATCT	22	50	61.15
MPXV_89_LEFT	MPXV_1	TGGCGCTATCTTTCAACCAACT	22	45.45	60.73
MPXV_89_RIGHT	MPXV_1	TCGGTTACGTGCCATATGTTGG	22	50	61.18
MPXV_90_LEFT	MPXV_2	GGCAGATTCCGGATAACCAGTC	22	54.55	60.99
MPXV_90_RIGHT	MPXV_2	TCCACGGATGATGTAGATGCAA	22	45.45	59.75
MPXV_91_LEFT	MPXV_1	CCCAACTTCACCACCCTTGAAT	22	50	60.94
MPXV_91_RIGHT	MPXV_1	ATGAAACTTCAGGCTGCACCAT	22	45.45	61
MPXV_92_LEFT	MPXV_2	TGAGGCAGCAAATACTGAACCA	22	45.45	60.41
MPXV_92_RIGHT	MPXV_2	TTCAGGCCGAAACAAACGATCT	22	45.45	60.99
MPXV_93_LEFT	MPXV_1	TGGCGTTGTTCAACGTACTCTT	22	45.45	60.92
MPXV_93_RIGHT	MPXV_1	ACCGACAACAATTCTCCGTTCT	22	45.45	60.41
MPXV_94_LEFT	MPXV_2	GTCTGCTGGCGGTCATCATATT	22	50	60.99
MPXV_94_RIGHT	MPXV_2	AATCTTGAACGCGAGACTGGTC	22	50	61.11
MPXV_95_LEFT	MPXV_1	ATTGTTGTGCGTTGATGTCGTT	22	40.91	60.15
MPXV_95_RIGHT	MPXV_1	ACAAATGGAACGCATCAAGGGA	22	45.45	61
MPXV_96_LEFT	MPXV_2	TATCGGTCGCGTTCATTGGAAA	22	45.45	60.85
MPXV_96_RIGHT	MPXV_2	AGTTTCCAGACTGGTATCCGAGT	23	47.83	61.08
MPXV_97_LEFT	MPXV_1	ATAGGGCTCGTTCTACCTCCTG	22	54.55	60.94
MPXV_97_RIGHT	MPXV_1	TTTCTGCGCAATGCCATACAAC	22	45.45	60.85
MPXV_98_LEFT	MPXV_2	TGAAATAGCGCCAGTCCTCCTA	22	50	61.14
MPXV_98_RIGHT	MPXV_2	CCAAACGTGCAATTTGTGGACA	22	45.45	60.92
MPXV_99_LEFT	MPXV_1	CCTTCGGGAGATCCTGCATAGA	22	54.55	61.27
MPXV_99_RIGHT	MPXV_1	ACTACGGCGGCATTATGTTCTC	22	50	60.98
MPXV_100_LEFT	MPXV_2	CGGGGTTGATCTTGTGCTGTTA	22	50	61.05
MPXV_100_RIGHT	MPXV_2	GTTCGTGGAATGGTCGGAGAAA	22	50	61.05
MPXV_101_LEFT	MPXV_1	AGTCGAGGACTTGGATGTCTGT	22	50	61
MPXV_101_RIGHT	MPXV_1	TCCCACCACCTTTTCGTCTAGT	22	50	61.21
MPXV_102_LEFT	MPXV_2	CAGCGTGTATAGGATGGTGACG	22	54.55	61.04
MPXV_102_RIGHT	MPXV_2	ATATAGCATCCGGGCAACGATG	22	50	60.86
MPXV_103_LEFT	MPXV_1	TCTCCTGGATGTACGTCACCAA	22	50	61
MPXV_103_RIGHT	MPXV_1	TCCACATGCCAAGTGAAGAGTG	22	50	60.99
MPXV_104_LEFT	MPXV_2	ACAGTGTTGCCATTACCTCCAC	22	50	61
MPXV_104_RIGHT	MPXV_2	GTCGCAAAAAGAAGCCCAAGAC	22	50	61.04
MPXV_105_LEFT	MPXV_1	AACTGCTACACCTAGACCAGCT	22	50	61.01
MPXV_105_RIGHT	MPXV_1	CTCATCGACAGTTGCACACTCA	22	50	61.04
MPXV_106_LEFT	MPXV_2	GGATGAGATTCGAAGTGCGTGT	22	50	61.17
MPXV_106_RIGHT	MPXV_2	AGAGCTTTTTCCACGCGTTACT	22	45.45	60.99
MPXV_107_LEFT	MPXV_1	AGAACGTCAGCCTAGAAGGTCA	22	50	61
MPXV_107_RIGHT	MPXV_1	GTTCAGCTTCCACCAGGTCATT	22	50	61
MPXV_108_LEFT	MPXV_2	TTTGGTGCCTGATCCTAAAGCC	22	50	61.07
MPXV_108_RIGHT	MPXV_2	AATATCGAGACCGCCTCTCTGA	22	50	60.67
MPXV_109_LEFT	MPXV_1	CATCAGACGTTCCGGAAAGAGG	22	54.55	61.17
MPXV_109_RIGHT	MPXV_1	AGAAGTAGCACCTCCATCCACA	22	50	61.01
MPXV_110_LEFT	MPXV_2	ACAAGCGAATGAGGGACGAAAA	22	45.45	60.99
MPXV_110_RIGHT	MPXV_2	AGTTGAACGACTGCGAACGTAA	22	45.45	60.97
MPXV_111_LEFT	MPXV_1	TTCGAATTCACGGGGTACAACC	22	50	61.05
MPXV_111_RIGHT	MPXV_1	AACCACATGCTACTGGAGGAGA	22	50	61.01
MPXV_112_LEFT	MPXV_2	TGTAGCATTTCCACGGCATTCA	22	45.45	61.06
MPXV_112_RIGHT	MPXV_2	TCCCATGGCCATTACCTACTGT	22	50	61.09
MPXV_113_LEFT	MPXV_1	AGAGACGCGACTTCAGGAGTTA	22	50	61.06
MPXV_113_RIGHT	MPXV_1	AGCTCCAATGCAATGGCTAACA	22	45.45	61.07
MPXV_114_LEFT	MPXV_2	TGCATTTTCAGCACTCGACTGA	22	45.45	60.99
MPXV_114_RIGHT	MPXV_2	GGCTGCGGTGTGTTTACTTTTT	22	45.45	60.66
MPXV_115_LEFT	MPXV_1	GATGCCGTCCAGTCTGTACATC	22	54.55	60.98
MPXV_115_RIGHT	MPXV_1	TGCCGACTTTTTGGAACGTTTG	22	45.45	60.91
MPXV_116_LEFT	MPXV_2	AGTTTCCTTTAACTCGGTCGGTT	23	43.48	60.44
MPXV_116_RIGHT	MPXV_2	TCTGCTCTTCGTCGTTTTCTGG	22	50	61.04
MPXV_117_LEFT	MPXV_1	TTCCGCGTCTGAGATGGAAATG	22	50	61.17
MPXV_117_RIGHT	MPXV_1	AGTCGCATGCTATGATGATGGT	22	45.45	60.14
MPXV_118_LEFT	MPXV_2	GCCGGCCGCTATAATGATGTTA	22	50	61.11
MPXV_118_RIGHT	MPXV_2	TATGGTTGTAGGGCCCTTGCTA	22	50	61.09
MPXV_119_LEFT	MPXV_1	ATCCAATATCATGGCGCCTAGC	22	50	60.86
MPXV_119_RIGHT	MPXV_1	AGGTACGTATACATGCGGGGAT	22	50	61
MPXV_120_LEFT	MPXV_2	CTCGAGCATCCATTCGACTCAG	22	54.55	61.03
MPXV_120_RIGHT	MPXV_2	GCGATACCGTATACGCGAAGTT	22	50	61.09
MPXV_121_LEFT	MPXV_1	GCGGAACCAATAACGGAAATCC	22	50	60.4
MPXV_121_RIGHT	MPXV_1	AGCTGTATGTCAATACCGGCATTA	24	41.67	60.52
MPXV_122_LEFT	MPXV_2	GGGGTTCGTCTAGTGTTGCTTC	22	54.55	61.36
MPXV_122_RIGHT	MPXV_2	TCGATGATGACGCTGTGCATAG	22	50	61.04
MPXV_123_LEFT	MPXV_1	TTGCTGTCGAAGAGGCAAAAGA	22	45.45	60.93
MPXV_123_RIGHT	MPXV_1	CCTCTGGAAGCACCCCTCTTAT	22	54.55	61.42
MPXV_124_LEFT	MPXV_2	ATCCACTAGAGCAGCCGTATGA	22	50	60.94
MPXV_124_RIGHT	MPXV_2	ATCCCTGACAAGTTCCTGGAGT	22	50	60.95
MPXV_125_LEFT	MPXV_1	CGCGGACACACTGATAGCATAG	22	54.55	61.35
MPXV_125_RIGHT	MPXV_1	TCTGGAACCGAGTACTTCCACA	22	50	60.94
MPXV_126_LEFT	MPXV_2	GCGTTCTCTGGAGTAGCGTATG	22	54.55	61.03
MPXV_126_RIGHT	MPXV_2	AACTTCCAAACGGTAGCGGTAC	22	50	61.05
MPXV_127_LEFT	MPXV_1	TGTCTAATGATCCGCGAACGAT	22	45.45	60.14
MPXV_127_RIGHT	MPXV_1	ACACGCACACGCTTTATCAGAT	22	45.45	61.11
MPXV_128_LEFT	MPXV_2	GAGGAAAGGGTGGTATCATGGC	22	54.55	60.93
MPXV_128_RIGHT	MPXV_2	CGCACGCACACAATCCTATCAT	22	50	61.8
MPXV_129_LEFT	MPXV_1	GACGAGCTTCCGAGTTCCAATT	22	50	61.11
MPXV_129_RIGHT	MPXV_1	GGAGGCTCCAGATAGGATGAGT	22	54.55	60.68
MPXV_130_LEFT	MPXV_2	CCTGGAGAATTTGCCAAGGTCA	22	50	61
MPXV_130_RIGHT	MPXV_2	ATCAACGATGACTCCTGATCGC	22	50	60.72
MPXV_131_LEFT	MPXV_1	CCAACCATGTACCGTCGAGTTA	22	50	60.27
MPXV_131_RIGHT	MPXV_1	TTGGTTCCGGAGTCGTGATTTC	22	50	61.05
MPXV_132_LEFT	MPXV_2	GGAGTCGTTAAAGGTGACACACA	23	47.83	60.99
MPXV_132_RIGHT	MPXV_2	GCATGTGATAAGACCTACGTGCT	23	47.83	60.99
MPXV_133_LEFT	MPXV_1	CCGCCGGAAACTTTCTAGAACA	22	50	61.05
MPXV_133_RIGHT	MPXV_1	AGGTCCTGGTTTGAGTGCATTC	22	50	61
MPXV_134_LEFT	MPXV_2	GATGGTTGGGAGGTATCTTGCC	22	54.55	60.93
MPXV_134_RIGHT	MPXV_2	TACCATGATTCTGGCCAATCCG	22	50	60.67
MPXV_135_LEFT	MPXV_1	GAGTCCCAGACCAGAATTGCAG	22	54.55	61.12
MPXV_135_RIGHT	MPXV_1	GCGACTGCTTCCGAAATACATG	22	50	60.46
MPXV_136_LEFT	MPXV_2	GCCGAAGACAGTTACGGTTGTA	22	50	60.79
MPXV_136_RIGHT	MPXV_2	CATTCCGCATTAGGACACGTGA	22	50	61.17
MPXV_137_LEFT	MPXV_1	GCTGGATGCTGGAGATAAATGGT	23	47.83	61.01
MPXV_137_RIGHT	MPXV_1	TCCGACGTCACATGACTCTGTA	22	50	61.05
MPXV_138_LEFT	MPXV_2	TGGCGTTGACAATTATGGGTGT	22	45.45	61
MPXV_138_RIGHT	MPXV_2	CCAAGGGCGTTAACCAGTGTAT	22	50	60.8
MPXV_139_LEFT	MPXV_1	GCATCAAGACGTGGCAAACAAT	22	45.45	60.79
MPXV_139_RIGHT	MPXV_1	AGCAATGATTCCACACCCAACT	22	45.45	60.68
MPXV_140_LEFT	MPXV_2	CGATGCGAGAAGACTGAAGAGG	22	54.55	60.97
MPXV_140_RIGHT	MPXV_2	CCTTTGGGGCGAATACTCTTCC	22	54.55	61.19
MPXV_141_LEFT	MPXV_1	AGGACATTGGATATGTGGAAAAGTGA	26	38.46	60.97
MPXV_141_RIGHT	MPXV_1	TGGCTCGCCGTAAATAGACATC	22	50	60.72
MPXV_142_LEFT	MPXV_2	AGAGTGTGGGGGTAGTGTTACG	22	54.55	61.59
MPXV_142_RIGHT	MPXV_2	GATGGTCTTCACCTCCCCAGTA	22	54.55	61.08
MPXV_143_LEFT	MPXV_1	CAGCTGCAGCAACTTCTGTACT	22	50	61.31
MPXV_143_RIGHT	MPXV_1	TCTCCGTCCTCGTCTTCTTCTT	22	50	60.74
MPXV_144_LEFT	MPXV_2	ACCACGAACGAAACCTACTGTG	22	50	60.98
MPXV_144_RIGHT	MPXV_2	CTTTGCACTGAATGGCTCTCCT	22	50	61.06
MPXV_145_LEFT	MPXV_1	GGAAAGGGTGGAATGCGATACA	22	50	60.86
MPXV_145_RIGHT	MPXV_1	TCCCACCATCTTACGTGAGACT	22	50	60.74
MPXV_146_LEFT	MPXV_2	CCGTCACAAGACCACAGGTTTA	22	50	60.66
MPXV_146_RIGHT	MPXV_2	TAGCGCAATGAAGTGGTGTACG	22	50	61.42
MPXV_147_LEFT	MPXV_1	CGAAGACAGACATACCGTAGACG	23	52.17	60.79
MPXV_147_RIGHT	MPXV_1	ACGTAGATCCGGCAACCAAAAT	22	45.45	60.8
MPXV_148_LEFT	MPXV_2	GTCGTCTACCGCCTAAAAGTGT	22	50	60.53
MPXV_148_RIGHT	MPXV_2	GAACCAGCTGCTCCATGATTCA	22	50	61.12
MPXV_149_LEFT	MPXV_1	CCAGGCTCTCGCATAAAGATGA	22	50	60.4
MPXV_149_RIGHT	MPXV_1	GGGCGGAATAACGGGAATGTAA	22	50	60.93
MPXV_150_LEFT	MPXV_2	GCGCCGTCCATTTTAAAGCAAT	22	45.45	61.17
MPXV_150_RIGHT	MPXV_2	CACCCTCAGCTATATCCGTCCA	22	54.55	61.26
MPXV_151_LEFT	MPXV_1	CGTAATGGGGTCGATGGTTGAT	22	50	60.67
MPXV_151_RIGHT	MPXV_1	AGACTGGCACGCGATTTAACAT	22	45.45	61.12
MPXV_152_LEFT	MPXV_2	CCGACACCTTCATATCTTCCACC	23	52.17	60.99
MPXV_152_RIGHT	MPXV_2	GGCCTGCTGACCAGTTAGTAAC	22	54.55	61.12
MPXV_153_LEFT	MPXV_1	GCTCAATCTGCCAGGATCAAGT	22	50	60.87
MPXV_153_RIGHT	MPXV_1	CATGACCCACCACACCATTAGG	22	54.55	61.13
MPXV_154_LEFT	MPXV_2	GGAGAGGCCAGTAGATCCTGTT	22	54.55	61.14
MPXV_154_RIGHT	MPXV_2	CGGCAATGATCCGTCGCTATAT	22	50	60.91
MPXV_155_LEFT	MPXV_1	TGCGATAACAGACGACGATCAG	22	50	60.71
MPXV_155_RIGHT	MPXV_1	GCCGTGGGTGTTAGTTGTCTAG	22	54.55	61.11
MPXV_156_LEFT	MPXV_2	ACAGTTCGCCCGATATCTACCA	22	50	61.2
MPXV_156_RIGHT	MPXV_2	CAGAGGCCAGCGTTAGAGATTC	22	54.55	60.98
MPXV_157_LEFT	MPXV_1	TCGTTCTCCTCGGTGTCATAGT	22	50	60.8
MPXV_157_RIGHT	MPXV_1	CCAGCTAACATAAGAGCCAATCTCA	25	44	61.07
MPXV_158_LEFT	MPXV_2	TTCACAATGGCCTCTCCTTGTG	22	50	61
MPXV_158_RIGHT	MPXV_2	TCGTGAAACTGCTCATCGACAG	22	50	61.1
MPXV_159_LEFT	MPXV_1	ACTAGTTTGCTGCGTAGTTGCA	22	45.45	60.99
MPXV_159_RIGHT	MPXV_1	ACCTGCTCGGTTACTTCTGTGT	22	50	61.79
MPXV_160_LEFT	MPXV_2	AGGGGATTCCTTGTAGATGAACC	23	47.83	59.8
MPXV_160_RIGHT	MPXV_2	CGCGTAGATGAATCGCTTCTCA	22	50	61.03
MPXV_161_LEFT	MPXV_1	GAGATTGTGCGCATCGTTAACG	22	50	61.01
MPXV_161_RIGHT	MPXV_1	GATGGTAGTCGCTTAGCTTGGT	22	50	60.34
MPXV_162_LEFT	MPXV_2	CGCCGTTACACACTTACCTTCA	22	50	61.04
MPXV_162_RIGHT	MPXV_2	CGTCTCTGAATGCGGCATGATA	22	50	61.04
MPXV_163_LEFT	MPXV_1	AGGAGCATCAGGGTGTAGAACA	22	50	61.01
MPXV_163_RIGHT	MPXV_1	TTTAATTCGTGGTGCGGTGTCT	22	45.45	60.99